Photo ID,Photo URL,Photographer,Photographer URL
a6a0aJfzxBQ,https://plus.unsplash.com/premium_photo-1675805015392-28fd80c551ec?crop=entropy&cs=srgb&fm=jpg&ixid=M3wxMjA3fDB8MXxzZWFyY2h8MXx8bmF0dXJlfGVufDB8fHx8MTcyMTEyMzk1NXww&ixlib=rb-4.0.3&q=85,Daniel Mirlea,https://unsplash.com/@danielmirlea
cssvEZacHvQ,https://images.unsplash.com/photo-1433086966358-54859d0ed716?crop=entropy&cs=srgb&fm=jpg&ixid=M3wxMjA3fDB8MXxzZWFyY2h8Mnx8bmF0dXJlfGVufDB8fHx8MTcyMTEyMzk1NXww&ixlib=rb-4.0.3&q=85,Blake Verdoorn,https://unsplash.com/@blakeverdoorn
78A265wPiO4,https://images.unsplash.com/photo-1469474968028-56623f02e42e?crop=entropy&cs=srgb&fm=jpg&ixid=M3wxMjA3fDB8MXxzZWFyY2h8M3x8bmF0dXJlfGVufDB8fHx8MTcyMTEyMzk1NXww&ixlib=rb-4.0.3&q=85,Urban Vintage,https://unsplash.com/@urban_vintage
1Z2niiBPg5A,https://images.unsplash.com/photo-1470071459604-3b5ec3a7fe05?crop=entropy&cs=srgb&fm=jpg&ixid=M3wxMjA3fDB8MXxzZWFyY2h8NHx8bmF0dXJlfGVufDB8fHx8MTcyMTEyMzk1NXww&ixlib=rb-4.0.3&q=85,v2osk,https://unsplash.com/@v2osk
ZW0C8TlPG_A,https://plus.unsplash.com/premium_photo-1664547606956-22749d0e0d77?crop=entropy&cs=srgb&fm=jpg&ixid=M3wxMjA3fDB8MXxzZWFyY2h8NXx8bmF0dXJlfGVufDB8fHx8MTcyMTEyMzk1NXww&ixlib=rb-4.0.3&q=85,Spencer Backman,https://unsplash.com/@spencerbackman
ndN00KmbJ1c,https://images.unsplash.com/photo-1426604966848-d7adac402bff?crop=entropy&cs=srgb&fm=jpg&ixid=M3wxMjA3fDB8MXxzZWFyY2h8Nnx8bmF0dXJlfGVufDB8fHx8MTcyMTEyMzk1NXww&ixlib=rb-4.0.3&q=85,Adam Kool,https://unsplash.com/@adamkool
01_igFr7hd4,https://images.unsplash.com/photo-1501854140801-50d01698950b?crop=entropy&cs=srgb&fm=jpg&ixid=M3wxMjA3fDB8MXxzZWFyY2h8N3x8bmF0dXJlfGVufDB8fHx8MTcyMTEyMzk1NXww&ixlib=rb-4.0.3&q=85,Qingbao Meng,https://unsplash.com/@ideasboom
_RBcxo9AU-U,https://images.unsplash.com/photo-1472214103451-9374bd1c798e?crop=entropy&cs=srgb&fm=jpg&ixid=M3wxMjA3fDB8MXxzZWFyY2h8OHx8bmF0dXJlfGVufDB8fHx8MTcyMTEyMzk1NXww&ixlib=rb-4.0.3&q=85,Robert Lukeman,https://unsplash.com/@robertlukeman
fWBZ9r4vO9M,https://plus.unsplash.com/premium_photo-1673292293042-cafd9c8a3ab3?crop=entropy&cs=srgb&fm=jpg&ixid=M3wxMjA3fDB8MXxzZWFyY2h8OXx8bmF0dXJlfGVufDB8fHx8MTcyMTEyMzk1NXww&ixlib=rb-4.0.3&q=85,Dario Br√∂nnimann,https://unsplash.com/@dariobroe
lsoogGC_5dg,https://images.unsplash.com/photo-1586348943529-beaae6c28db9?crop=entropy&cs=srgb&fm=jpg&ixid=M3wxMjA3fDB8MXxzZWFyY2h8MTB8fG5hdHVyZXxlbnwwfHx8fDE3MjExMjM5NTV8MA&ixlib=rb-4.0.3&q=85,Dave Hoefler,https://unsplash.com/@iamthedave
h5wvMCdOV3w,https://images.unsplash.com/photo-1518173946687-a4c8892bbd9f?crop=entropy&cs=srgb&fm=jpg&ixid=M3wxMjA3fDB8MXxzZWFyY2h8MTF8fG5hdHVyZXxlbnwwfHx8fDE3MjExMjM5NTV8MA&ixlib=rb-4.0.3&q=85,Goutham Krishna,https://unsplash.com/@tuzbro
eOpewngf68w,https://images.unsplash.com/photo-1447752875215-b2761acb3c5d?crop=entropy&cs=srgb&fm=jpg&ixid=M3wxMjA3fDB8MXxzZWFyY2h8MTJ8fG5hdHVyZXxlbnwwfHx8fDE3MjExMjM5NTV8MA&ixlib=rb-4.0.3&q=85,Tim Swaan,https://unsplash.com/@timswaanphotography
3mKdu700JpY,https://plus.unsplash.com/premium_photo-1675827055620-24d540e0892a?crop=entropy&cs=srgb&fm=jpg&ixid=M3wxMjA3fDB8MXxzZWFyY2h8MTN8fG5hdHVyZXxlbnwwfHx8fDE3MjExMjM5NTV8MA&ixlib=rb-4.0.3&q=85,Casey Horner,https://unsplash.com/@mischievous_penguins
jFCViYFYcus,https://images.unsplash.com/photo-1441974231531-c6227db76b6e?crop=entropy&cs=srgb&fm=jpg&ixid=M3wxMjA3fDB8MXxzZWFyY2h8MTR8fG5hdHVyZXxlbnwwfHx8fDE3MjExMjM5NTV8MA&ixlib=rb-4.0.3&q=85,Lukasz Szmigiel,https://unsplash.com/@szmigieldesign
mBQIfKlvowM,https://images.unsplash.com/photo-1475924156734-496f6cac6ec1?crop=entropy&cs=srgb&fm=jpg&ixid=M3wxMjA3fDB8MXxzZWFyY2h8MTV8fG5hdHVyZXxlbnwwfHx8fDE3MjExMjM5NTV8MA&ixlib=rb-4.0.3&q=85,Quino Al,https://unsplash.com/@quinoal
9K9ipjhDdks,https://images.unsplash.com/photo-1505144808419-1957a94ca61e?crop=entropy&cs=srgb&fm=jpg&ixid=M3wxMjA3fDB8MXxzZWFyY2h8MTZ8fG5hdHVyZXxlbnwwfHx8fDE3MjExMjM5NTV8MA&ixlib=rb-4.0.3&q=85,Shifaaz shamoon,https://unsplash.com/@sotti
J6Fdqeb0Vcs,https://plus.unsplash.com/premium_photo-1675827055694-010aef2cf08f?crop=entropy&cs=srgb&fm=jpg&ixid=M3wxMjA3fDB8MXxzZWFyY2h8MTd8fG5hdHVyZXxlbnwwfHx8fDE3MjExMjM5NTV8MA&ixlib=rb-4.0.3&q=85,Casey Horner,https://unsplash.com/@mischievous_penguins
IicyiaPYGGI,https://images.unsplash.com/photo-1465146344425-f00d5f5c8f07?crop=entropy&cs=srgb&fm=jpg&ixid=M3wxMjA3fDB8MXxzZWFyY2h8MTh8fG5hdHVyZXxlbnwwfHx8fDE3MjExMjM5NTV8MA&ixlib=rb-4.0.3&q=85,Henry Be,https://unsplash.com/@henry_be
i9Q9bc-WgfE,https://images.unsplash.com/photo-1475113548554-5a36f1f523d6?crop=entropy&cs=srgb&fm=jpg&ixid=M3wxMjA3fDB8MXxzZWFyY2h8MTl8fG5hdHVyZXxlbnwwfHx8fDE3MjExMjM5NTV8MA&ixlib=rb-4.0.3&q=85,Sapan Patel,https://unsplash.com/@sapanpatel123
-G3rw6Y02D0,https://images.unsplash.com/photo-1470252649378-9c29740c9fa8?crop=entropy&cs=srgb&fm=jpg&ixid=M3wxMjA3fDB8MXxzZWFyY2h8MjB8fG5hdHVyZXxlbnwwfHx8fDE3MjExMjM5NTV8MA&ixlib=rb-4.0.3&q=85,Dawid Zawi≈Ça,https://unsplash.com/@davealmine
q59v7fPcBsw,https://plus.unsplash.com/premium_photo-1675368244123-082a84cf3072?crop=entropy&cs=srgb&fm=jpg&ixid=M3wxMjA3fDB8MXxzZWFyY2h8MjF8fG5hdHVyZXxlbnwwfHx8fDE3MjExMjM5NTZ8MA&ixlib=rb-4.0.3&q=85,Ales Krivec,https://unsplash.com/@aleskrivec
xg8z_KhSorQ,https://images.unsplash.com/photo-1510784722466-f2aa9c52fff6?crop=entropy&cs=srgb&fm=jpg&ixid=M3wxMjA3fDB8MXxzZWFyY2h8MjJ8fG5hdHVyZXxlbnwwfHx8fDE3MjExMjM5NTZ8MA&ixlib=rb-4.0.3&q=85,OC Gonzalez,https://unsplash.com/@ocvisual
y2azHvupCVo,https://images.unsplash.com/photo-1505765050516-f72dcac9c60e?crop=entropy&cs=srgb&fm=jpg&ixid=M3wxMjA3fDB8MXxzZWFyY2h8MjN8fG5hdHVyZXxlbnwwfHx8fDE3MjExMjM5NTZ8MA&ixlib=rb-4.0.3&q=85,eberhard üñê grossgasteiger,https://unsplash.com/@eberhardgross
sYffw0LNr7s,https://images.unsplash.com/photo-1500382017468-9049fed747ef?crop=entropy&cs=srgb&fm=jpg&ixid=M3wxMjA3fDB8MXxzZWFyY2h8MjR8fG5hdHVyZXxlbnwwfHx8fDE3MjExMjM5NTZ8MA&ixlib=rb-4.0.3&q=85,Federico Respini,https://unsplash.com/@federicorespini
2KuUAJOxz_U,https://plus.unsplash.com/premium_photo-1673002094173-b16f2b946780?crop=entropy&cs=srgb&fm=jpg&ixid=M3wxMjA3fDB8MXxzZWFyY2h8MjV8fG5hdHVyZXxlbnwwfHx8fDE3MjExMjM5NTZ8MA&ixlib=rb-4.0.3&q=85,Joshua Earle,https://unsplash.com/@joshuaearle
lpjb_UMOyx8,https://images.unsplash.com/photo-1439853949127-fa647821eba0?crop=entropy&cs=srgb&fm=jpg&ixid=M3wxMjA3fDB8MXxzZWFyY2h8MjZ8fG5hdHVyZXxlbnwwfHx8fDE3MjExMjM5NTZ8MA&ixlib=rb-4.0.3&q=85,Daniel Roe,https://unsplash.com/@danielroe
tGTVxeOr_Rs,https://images.unsplash.com/photo-1502082553048-f009c37129b9?crop=entropy&cs=srgb&fm=jpg&ixid=M3wxMjA3fDB8MXxzZWFyY2h8Mjd8fG5hdHVyZXxlbnwwfHx8fDE3MjExMjM5NTZ8MA&ixlib=rb-4.0.3&q=85,niko photos,https://unsplash.com/@niko_photos
JoH60FhTp50,https://images.unsplash.com/photo-1455218873509-8097305ee378?crop=entropy&cs=srgb&fm=jpg&ixid=M3wxMjA3fDB8MXxzZWFyY2h8Mjh8fG5hdHVyZXxlbnwwfHx8fDE3MjExMjM5NTZ8MA&ixlib=rb-4.0.3&q=85,Thomas Kelley,https://unsplash.com/@thkelley
YvpLGlwNISY,https://plus.unsplash.com/premium_photo-1673603988651-99f79e4ae7d3?crop=entropy&cs=srgb&fm=jpg&ixid=M3wxMjA3fDB8MXxzZWFyY2h8Mjl8fG5hdHVyZXxlbnwwfHx8fDE3MjExMjM5NTZ8MA&ixlib=rb-4.0.3&q=85,Joshua Earle,https://unsplash.com/@joshuaearle
TFyi0QOx08c,https://images.unsplash.com/photo-1418065460487-3e41a6c84dc5?crop=entropy&cs=srgb&fm=jpg&ixid=M3wxMjA3fDB8MXxzZWFyY2h8MzB8fG5hdHVyZXxlbnwwfHx8fDE3MjExMjM5NTZ8MA&ixlib=rb-4.0.3&q=85,Jay Mantri,https://unsplash.com/@jaymantri
pHANr-CpbYM,https://images.unsplash.com/photo-1431794062232-2a99a5431c6c?crop=entropy&cs=srgb&fm=jpg&ixid=M3wxMjA3fDB8MXxzZWFyY2h8MzF8fG5hdHVyZXxlbnwwfHx8fDE3MjExMjM5NTZ8MA&ixlib=rb-4.0.3&q=85,Wil Stewart,https://unsplash.com/@wilstewart3
vUNQaTtZeOo,https://images.unsplash.com/photo-1444464666168-49d633b86797?crop=entropy&cs=srgb&fm=jpg&ixid=M3wxMjA3fDB8MXxzZWFyY2h8MzJ8fG5hdHVyZXxlbnwwfHx8fDE3MjExMjM5NTZ8MA&ixlib=rb-4.0.3&q=85,Vincent van Zalinge,https://unsplash.com/@vincentvanzalinge
xQv9jeYdZiA,https://plus.unsplash.com/premium_photo-1675826774815-35b8a48ddc2c?crop=entropy&cs=srgb&fm=jpg&ixid=M3wxMjA3fDB8MXxzZWFyY2h8MzN8fG5hdHVyZXxlbnwwfHx8fDE3MjExMjM5NTZ8MA&ixlib=rb-4.0.3&q=85,Casey Horner,https://unsplash.com/@mischievous_penguins
mOcdke2ZQoE,https://images.unsplash.com/photo-1414609245224-afa02bfb3fda?crop=entropy&cs=srgb&fm=jpg&ixid=M3wxMjA3fDB8MXxzZWFyY2h8MzR8fG5hdHVyZXxlbnwwfHx8fDE3MjExMjM5NTZ8MA&ixlib=rb-4.0.3&q=85,Rachel Cook,https://unsplash.com/@grafixgurl247
6-C0VRsagUw,https://images.unsplash.com/reserve/HgZuGu3gSD6db21T3lxm_San%20Zenone.jpg?crop=entropy&cs=srgb&fm=jpg&ixid=M3wxMjA3fDB8MXxzZWFyY2h8MzV8fG5hdHVyZXxlbnwwfHx8fDE3MjExMjM5NTZ8MA&ixlib=rb-4.0.3&q=85,Silvestri Matteo,https://unsplash.com/@silvestrimatteo
odxB5oIG_iA,https://images.unsplash.com/photo-1490730141103-6cac27aaab94?crop=entropy&cs=srgb&fm=jpg&ixid=M3wxMjA3fDB8MXxzZWFyY2h8MzZ8fG5hdHVyZXxlbnwwfHx8fDE3MjExMjM5NTZ8MA&ixlib=rb-4.0.3&q=85,Mohamed Nohassi,https://unsplash.com/@coopery
UN2FmopaxdI,https://plus.unsplash.com/premium_photo-1673264933051-3206029946b3?crop=entropy&cs=srgb&fm=jpg&ixid=M3wxMjA3fDB8MXxzZWFyY2h8Mzd8fG5hdHVyZXxlbnwwfHx8fDE3MjExMjM5NTZ8MA&ixlib=rb-4.0.3&q=85,Joshua Earle,https://unsplash.com/@joshuaearle
jCL98LGaeoE,https://images.unsplash.com/photo-1546514355-7fdc90ccbd03?crop=entropy&cs=srgb&fm=jpg&ixid=M3wxMjA3fDB8MXxzZWFyY2h8Mzh8fG5hdHVyZXxlbnwwfHx8fDE3MjExMjM5NTZ8MA&ixlib=rb-4.0.3&q=85,eberhard üñê grossgasteiger,https://unsplash.com/@eberhardgross
6ArTTluciuA,https://images.unsplash.com/photo-1518837695005-2083093ee35b?crop=entropy&cs=srgb&fm=jpg&ixid=M3wxMjA3fDB8MXxzZWFyY2h8Mzl8fG5hdHVyZXxlbnwwfHx8fDE3MjExMjM5NTZ8MA&ixlib=rb-4.0.3&q=85,Matt Hardy,https://unsplash.com/@matthardy
4rDCa5hBlCs,https://images.unsplash.com/photo-1513836279014-a89f7a76ae86?crop=entropy&cs=srgb&fm=jpg&ixid=M3wxMjA3fDB8MXxzZWFyY2h8NDB8fG5hdHVyZXxlbnwwfHx8fDE3MjExMjM5NTZ8MA&ixlib=rb-4.0.3&q=85,Casey Horner,https://unsplash.com/@mischievous_penguins
CIuhewxFdxU,https://plus.unsplash.com/premium_photo-1675433344518-21eb72dfc7a5?crop=entropy&cs=srgb&fm=jpg&ixid=M3wxMjA3fDB8MXxzZWFyY2h8NDF8fG5hdHVyZXxlbnwwfHx8fDE3MjExMjM5NTd8MA&ixlib=rb-4.0.3&q=85,Allec Gomes,https://unsplash.com/@allecgomes
v4e3JI7DDHI,https://images.unsplash.com/photo-1446329813274-7c9036bd9a1f?crop=entropy&cs=srgb&fm=jpg&ixid=M3wxMjA3fDB8MXxzZWFyY2h8NDJ8fG5hdHVyZXxlbnwwfHx8fDE3MjExMjM5NTd8MA&ixlib=rb-4.0.3&q=85,Sebastian Unrau,https://unsplash.com/@sebastian_unrau
VowIFDxogG4,https://images.unsplash.com/photo-1470770903676-69b98201ea1c?crop=entropy&cs=srgb&fm=jpg&ixid=M3wxMjA3fDB8MXxzZWFyY2h8NDN8fG5hdHVyZXxlbnwwfHx8fDE3MjExMjM5NTd8MA&ixlib=rb-4.0.3&q=85,Luca Bravo,https://unsplash.com/@lucabravo
mawU2PoJWfU,https://images.unsplash.com/photo-1497436072909-60f360e1d4b1?crop=entropy&cs=srgb&fm=jpg&ixid=M3wxMjA3fDB8MXxzZWFyY2h8NDR8fG5hdHVyZXxlbnwwfHx8fDE3MjExMjM5NTd8MA&ixlib=rb-4.0.3&q=85,Andreas G√ºcklhorn,https://unsplash.com/@draufsicht
Ba0GMWMBnd0,https://plus.unsplash.com/premium_photo-1677449236313-f8e5eda09a72?crop=entropy&cs=srgb&fm=jpg&ixid=M3wxMjA3fDB8MXxzZWFyY2h8NDV8fG5hdHVyZXxlbnwwfHx8fDE3MjExMjM5NTd8MA&ixlib=rb-4.0.3&q=85,Allec Gomes,https://unsplash.com/@allecgomes
CakC6u4d95g,https://images.unsplash.com/photo-1484766280341-87861644c80d?crop=entropy&cs=srgb&fm=jpg&ixid=M3wxMjA3fDB8MXxzZWFyY2h8NDZ8fG5hdHVyZXxlbnwwfHx8fDE3MjExMjM5NTd8MA&ixlib=rb-4.0.3&q=85,JOHN TOWNER,https://unsplash.com/@heytowner
c4cWawGBFv8,https://images.unsplash.com/photo-1497449493050-aad1e7cad165?crop=entropy&cs=srgb&fm=jpg&ixid=M3wxMjA3fDB8MXxzZWFyY2h8NDd8fG5hdHVyZXxlbnwwfHx8fDE3MjExMjM5NTd8MA&ixlib=rb-4.0.3&q=85,Jorge Vasconez,https://unsplash.com/@jorgeluis
WJkc3xZjSXw,https://images.unsplash.com/photo-1473773508845-188df298d2d1?crop=entropy&cs=srgb&fm=jpg&ixid=M3wxMjA3fDB8MXxzZWFyY2h8NDh8fG5hdHVyZXxlbnwwfHx8fDE3MjExMjM5NTd8MA&ixlib=rb-4.0.3&q=85,Geranimo,https://unsplash.com/@geraninmo
9pYZWuU7sc8,https://plus.unsplash.com/premium_photo-1673264933212-d78737f38e48?crop=entropy&cs=srgb&fm=jpg&ixid=M3wxMjA3fDB8MXxzZWFyY2h8NDl8fG5hdHVyZXxlbnwwfHx8fDE3MjExMjM5NTd8MA&ixlib=rb-4.0.3&q=85,Joshua Earle,https://unsplash.com/@joshuaearle
a8lTjWJJgLA,https://images.unsplash.com/photo-1510797215324-95aa89f43c33?crop=entropy&cs=srgb&fm=jpg&ixid=M3wxMjA3fDB8MXxzZWFyY2h8NTB8fG5hdHVyZXxlbnwwfHx8fDE3MjExMjM5NTd8MA&ixlib=rb-4.0.3&q=85,Justin Kauffman,https://unsplash.com/@justindkauffman
EwKXn5CapA4,https://images.unsplash.com/photo-1518495973542-4542c06a5843?crop=entropy&cs=srgb&fm=jpg&ixid=M3wxMjA3fDB8MXxzZWFyY2h8NTF8fG5hdHVyZXxlbnwwfHx8fDE3MjExMjM5NTd8MA&ixlib=rb-4.0.3&q=85,Jeremy Bishop,https://unsplash.com/@jeremybishop
dQejX2ucPBs,https://images.unsplash.com/photo-1500534623283-312aade485b7?crop=entropy&cs=srgb&fm=jpg&ixid=M3wxMjA3fDB8MXxzZWFyY2h8NTJ8fG5hdHVyZXxlbnwwfHx8fDE3MjExMjM5NTd8MA&ixlib=rb-4.0.3&q=85,Ivana Cajina,https://unsplash.com/@von_co
CEEbQMPqlGY,https://plus.unsplash.com/premium_photo-1672509995777-ede97d83c304?crop=entropy&cs=srgb&fm=jpg&ixid=M3wxMjA3fDB8MXxzZWFyY2h8NTN8fG5hdHVyZXxlbnwwfHx8fDE3MjExMjM5NTd8MA&ixlib=rb-4.0.3&q=85,Fellipe Ditadi,https://unsplash.com/@ditadi
UWQP2mh5YJI,https://images.unsplash.com/photo-1552083375-1447ce886485?crop=entropy&cs=srgb&fm=jpg&ixid=M3wxMjA3fDB8MXxzZWFyY2h8NTR8fG5hdHVyZXxlbnwwfHx8fDE3MjExMjM5NTd8MA&ixlib=rb-4.0.3&q=85,Fabian Quintero,https://unsplash.com/@onefabian
DD1fSz2HF1s,https://images.unsplash.com/photo-1547036967-23d11aacaee0?crop=entropy&cs=srgb&fm=jpg&ixid=M3wxMjA3fDB8MXxzZWFyY2h8NTV8fG5hdHVyZXxlbnwwfHx8fDE3MjExMjM5NTd8MA&ixlib=rb-4.0.3&q=85,Carles Rabada,https://unsplash.com/@carlesrgm
jin4W1HqgL4,https://images.unsplash.com/photo-1492496913980-501348b61469?crop=entropy&cs=srgb&fm=jpg&ixid=M3wxMjA3fDB8MXxzZWFyY2h8NTZ8fG5hdHVyZXxlbnwwfHx8fDE3MjExMjM5NTd8MA&ixlib=rb-4.0.3&q=85,Gabriel Jimenez,https://unsplash.com/@gabrielj_photography
xL5ipnMQ9-Y,https://plus.unsplash.com/premium_photo-1669218057916-7f80c191bd2e?crop=entropy&cs=srgb&fm=jpg&ixid=M3wxMjA3fDB8MXxzZWFyY2h8NTd8fG5hdHVyZXxlbnwwfHx8fDE3MjExMjM5NTd8MA&ixlib=rb-4.0.3&q=85,Jonny Gios,https://unsplash.com/@supergios
GVnUVP8cs1o,https://images.unsplash.com/photo-1504567961542-e24d9439a724?crop=entropy&cs=srgb&fm=jpg&ixid=M3wxMjA3fDB8MXxzZWFyY2h8NTh8fG5hdHVyZXxlbnwwfHx8fDE3MjExMjM5NTd8MA&ixlib=rb-4.0.3&q=85,Aaron Burden,https://unsplash.com/@aaronburden
9DHyVy-G1rM,https://images.unsplash.com/photo-1445262102387-5fbb30a5e59d?crop=entropy&cs=srgb&fm=jpg&ixid=M3wxMjA3fDB8MXxzZWFyY2h8NTl8fG5hdHVyZXxlbnwwfHx8fDE3MjExMjM5NTd8MA&ixlib=rb-4.0.3&q=85,Jesse Gardner,https://unsplash.com/@plasticmind
8c6eS43iq1o,https://images.unsplash.com/photo-1490682143684-14369e18dce8?crop=entropy&cs=srgb&fm=jpg&ixid=M3wxMjA3fDB8MXxzZWFyY2h8NjB8fG5hdHVyZXxlbnwwfHx8fDE3MjExMjM5NTd8MA&ixlib=rb-4.0.3&q=85,Artem Sapegin,https://unsplash.com/@sapegin
KAv764n89Cs,https://plus.unsplash.com/premium_photo-1677410642801-725a73622e4e?crop=entropy&cs=srgb&fm=jpg&ixid=M3wxMjA3fDB8MXxzZWFyY2h8NjF8fG5hdHVyZXxlbnwwfHx8fDE3MjExMjM5NTh8MA&ixlib=rb-4.0.3&q=85,Ales Krivec,https://unsplash.com/@aleskrivec
pBgnT4KH8d4,https://images.unsplash.com/photo-1536431311719-398b6704d4cc?crop=entropy&cs=srgb&fm=jpg&ixid=M3wxMjA3fDB8MXxzZWFyY2h8NjJ8fG5hdHVyZXxlbnwwfHx8fDE3MjExMjM5NTh8MA&ixlib=rb-4.0.3&q=85,eberhard üñê grossgasteiger,https://unsplash.com/@eberhardgross
F6Da4r2x5to,https://images.unsplash.com/photo-1500829243541-74b677fecc30?crop=entropy&cs=srgb&fm=jpg&ixid=M3wxMjA3fDB8MXxzZWFyY2h8NjN8fG5hdHVyZXxlbnwwfHx8fDE3MjExMjM5NTh8MA&ixlib=rb-4.0.3&q=85,Daniil Silantev,https://unsplash.com/@betagamma
hXNGeAFOgT4,https://images.unsplash.com/photo-1565118531796-763e5082d113?crop=entropy&cs=srgb&fm=jpg&ixid=M3wxMjA3fDB8MXxzZWFyY2h8NjR8fG5hdHVyZXxlbnwwfHx8fDE3MjExMjM5NTh8MA&ixlib=rb-4.0.3&q=85,Nikola Majksner,https://unsplash.com/@majksner
8yRPDmltcwI,https://plus.unsplash.com/premium_photo-1666863910470-c5906f963cb4?crop=entropy&cs=srgb&fm=jpg&ixid=M3wxMjA3fDB8MXxzZWFyY2h8NjV8fG5hdHVyZXxlbnwwfHx8fDE3MjExMjM5NTh8MA&ixlib=rb-4.0.3&q=85,Ales Krivec,https://unsplash.com/@aleskrivec
Upz-tnx2v2s,https://images.unsplash.com/photo-1572099606223-6e29045d7de3?crop=entropy&cs=srgb&fm=jpg&ixid=M3wxMjA3fDB8MXxzZWFyY2h8NjZ8fG5hdHVyZXxlbnwwfHx8fDE3MjExMjM5NTh8MA&ixlib=rb-4.0.3&q=85,Sabeer Darr,https://unsplash.com/@sabeerdarr
-qrcOR33ErA,https://images.unsplash.com/photo-1527489377706-5bf97e608852?crop=entropy&cs=srgb&fm=jpg&ixid=M3wxMjA3fDB8MXxzZWFyY2h8Njd8fG5hdHVyZXxlbnwwfHx8fDE3MjExMjM5NTh8MA&ixlib=rb-4.0.3&q=85,Hendrik Cornelissen,https://unsplash.com/@the_bracketeer
9Z1KRIfpBTM,https://images.unsplash.com/photo-1504198266287-1659872e6590?crop=entropy&cs=srgb&fm=jpg&ixid=M3wxMjA3fDB8MXxzZWFyY2h8Njh8fG5hdHVyZXxlbnwwfHx8fDE3MjExMjM5NTh8MA&ixlib=rb-4.0.3&q=85,Sarah Dorweiler,https://unsplash.com/@sarahdorweiler
WbnsUmRaPYU,https://plus.unsplash.com/premium_photo-1666896200958-2569e1c441a0?crop=entropy&cs=srgb&fm=jpg&ixid=M3wxMjA3fDB8MXxzZWFyY2h8Njl8fG5hdHVyZXxlbnwwfHx8fDE3MjExMjM5NTh8MA&ixlib=rb-4.0.3&q=85,Ales Krivec,https://unsplash.com/@aleskrivec
KMn4VEeEPR8,https://images.unsplash.com/photo-1507525428034-b723cf961d3e?crop=entropy&cs=srgb&fm=jpg&ixid=M3wxMjA3fDB8MXxzZWFyY2h8NzB8fG5hdHVyZXxlbnwwfHx8fDE3MjExMjM5NTh8MA&ixlib=rb-4.0.3&q=85,Sean Oulashin,https://unsplash.com/@oulashin
-SO3JtE3gZo,https://images.unsplash.com/photo-1506260408121-e353d10b87c7?crop=entropy&cs=srgb&fm=jpg&ixid=M3wxMjA3fDB8MXxzZWFyY2h8NzF8fG5hdHVyZXxlbnwwfHx8fDE3MjExMjM5NTh8MA&ixlib=rb-4.0.3&q=85,Claudio Testa,https://unsplash.com/@claudiotesta
buF62ewDLcQ,https://images.unsplash.com/photo-1420745981456-b95fe23f5753?crop=entropy&cs=srgb&fm=jpg&ixid=M3wxMjA3fDB8MXxzZWFyY2h8NzJ8fG5hdHVyZXxlbnwwfHx8fDE3MjExMjM5NTh8MA&ixlib=rb-4.0.3&q=85,Jason Ortego,https://unsplash.com/@jasonortego
XwEfGEu1fnI,https://plus.unsplash.com/premium_photo-1700566981992-a193442997d5?crop=entropy&cs=srgb&fm=jpg&ixid=M3wxMjA3fDB8MXxzZWFyY2h8NzN8fG5hdHVyZXxlbnwwfHx8fDE3MjExMjM5NTh8MA&ixlib=rb-4.0.3&q=85,Gabrielle Maurer,https://unsplash.com/@petitesimages
sO-JmQj95ec,https://images.unsplash.com/photo-1492724724894-7464c27d0ceb?crop=entropy&cs=srgb&fm=jpg&ixid=M3wxMjA3fDB8MXxzZWFyY2h8NzR8fG5hdHVyZXxlbnwwfHx8fDE3MjExMjM5NTh8MA&ixlib=rb-4.0.3&q=85,Kevin Lanceplaine,https://unsplash.com/@lanceplaine
5-jtsfuaLBw,https://images.unsplash.com/photo-1508459855340-fb63ac591728?crop=entropy&cs=srgb&fm=jpg&ixid=M3wxMjA3fDB8MXxzZWFyY2h8NzV8fG5hdHVyZXxlbnwwfHx8fDE3MjExMjM5NTh8MA&ixlib=rb-4.0.3&q=85,Nathan Anderson,https://unsplash.com/@nathananderson
_LuLiJc1cdo,https://images.unsplash.com/photo-1465189684280-6a8fa9b19a7a?crop=entropy&cs=srgb&fm=jpg&ixid=M3wxMjA3fDB8MXxzZWFyY2h8NzZ8fG5hdHVyZXxlbnwwfHx8fDE3MjExMjM5NTh8MA&ixlib=rb-4.0.3&q=85,Kalen Emsley,https://unsplash.com/@kalenemsley
sMzaFliKTOs,https://plus.unsplash.com/premium_photo-1690446955129-7248ac32faaa?crop=entropy&cs=srgb&fm=jpg&ixid=M3wxMjA3fDB8MXxzZWFyY2h8Nzd8fG5hdHVyZXxlbnwwfHx8fDE3MjExMjM5NTh8MA&ixlib=rb-4.0.3&q=85,Zdenƒõk Mach√°ƒçek,https://unsplash.com/@zmachacek
2RJB9Euaj7M,https://images.unsplash.com/photo-1507692812060-98338d07aca3?crop=entropy&cs=srgb&fm=jpg&ixid=M3wxMjA3fDB8MXxzZWFyY2h8Nzh8fG5hdHVyZXxlbnwwfHx8fDE3MjExMjM5NTh8MA&ixlib=rb-4.0.3&q=85,Meri√ß Daƒülƒ±,https://unsplash.com/@meric
Bkci_8qcdvQ,https://images.unsplash.com/photo-1464822759023-fed622ff2c3b?crop=entropy&cs=srgb&fm=jpg&ixid=M3wxMjA3fDB8MXxzZWFyY2h8Nzl8fG5hdHVyZXxlbnwwfHx8fDE3MjExMjM5NTh8MA&ixlib=rb-4.0.3&q=85,Kalen Emsley,https://unsplash.com/@kalenemsley
c1Jp-fo53U8,https://images.unsplash.com/photo-1499002238440-d264edd596ec?crop=entropy&cs=srgb&fm=jpg&ixid=M3wxMjA3fDB8MXxzZWFyY2h8ODB8fG5hdHVyZXxlbnwwfHx8fDE3MjExMjM5NTh8MA&ixlib=rb-4.0.3&q=85,L√©onard Cotte,https://unsplash.com/@ettocl
RZhtls4_Fko,https://plus.unsplash.com/premium_photo-1666896899807-815cfdeb1920?crop=entropy&cs=srgb&fm=jpg&ixid=M3wxMjA3fDB8MXxzZWFyY2h8ODF8fG5hdHVyZXxlbnwwfHx8fDE3MjExMjM5NTl8MA&ixlib=rb-4.0.3&q=85,Ales Krivec,https://unsplash.com/@aleskrivec
4r_tHA3gsUY,https://images.unsplash.com/photo-1533387520709-752d83de3630?crop=entropy&cs=srgb&fm=jpg&ixid=M3wxMjA3fDB8MXxzZWFyY2h8ODJ8fG5hdHVyZXxlbnwwfHx8fDE3MjExMjM5NTl8MA&ixlib=rb-4.0.3&q=85,Jakub Kriz,https://unsplash.com/@jakubkriz
hX_hf2lPpUU,https://images.unsplash.com/photo-1533038590840-1cde6e668a91?crop=entropy&cs=srgb&fm=jpg&ixid=M3wxMjA3fDB8MXxzZWFyY2h8ODN8fG5hdHVyZXxlbnwwfHx8fDE3MjExMjM5NTl8MA&ixlib=rb-4.0.3&q=85,Annie Spratt,https://unsplash.com/@anniespratt
BXasVMRGsuo,https://images.unsplash.com/photo-1508669232496-137b159c1cdb?crop=entropy&cs=srgb&fm=jpg&ixid=M3wxMjA3fDB8MXxzZWFyY2h8ODR8fG5hdHVyZXxlbnwwfHx8fDE3MjExMjM5NTl8MA&ixlib=rb-4.0.3&q=85,eberhard üñê grossgasteiger,https://unsplash.com/@eberhardgross
eMkor7PE6P4,https://plus.unsplash.com/premium_photo-1666896899870-57ee907c1f3d?crop=entropy&cs=srgb&fm=jpg&ixid=M3wxMjA3fDB8MXxzZWFyY2h8ODV8fG5hdHVyZXxlbnwwfHx8fDE3MjExMjM5NTl8MA&ixlib=rb-4.0.3&q=85,Ales Krivec,https://unsplash.com/@aleskrivec
tNDvFkxkBHo,https://images.unsplash.com/photo-1422493757035-1e5e03968f95?crop=entropy&cs=srgb&fm=jpg&ixid=M3wxMjA3fDB8MXxzZWFyY2h8ODZ8fG5hdHVyZXxlbnwwfHx8fDE3MjExMjM5NTl8MA&ixlib=rb-4.0.3&q=85,Igor Kasalovic,https://unsplash.com/@ikasalovic
T_Qe4QlMIvQ,https://images.unsplash.com/photo-1580137189272-c9379f8864fd?crop=entropy&cs=srgb&fm=jpg&ixid=M3wxMjA3fDB8MXxzZWFyY2h8ODd8fG5hdHVyZXxlbnwwfHx8fDE3MjExMjM5NTl8MA&ixlib=rb-4.0.3&q=85,Willian Justen de Vasconcellos,https://unsplash.com/@willianjusten
sFLVTqNzG2I,https://images.unsplash.com/photo-1463107971871-fbac9ddb920f?crop=entropy&cs=srgb&fm=jpg&ixid=M3wxMjA3fDB8MXxzZWFyY2h8ODh8fG5hdHVyZXxlbnwwfHx8fDE3MjExMjM5NTl8MA&ixlib=rb-4.0.3&q=85,Joey Kyber,https://unsplash.com/@jtkyber1
MmWy_lqDQNE,https://plus.unsplash.com/premium_photo-1700984292461-fa2d83c28c6b?crop=entropy&cs=srgb&fm=jpg&ixid=M3wxMjA3fDB8MXxzZWFyY2h8ODl8fG5hdHVyZXxlbnwwfHx8fDE3MjExMjM5NTl8MA&ixlib=rb-4.0.3&q=85,Kristaps Ungurs,https://unsplash.com/@kristapsungurs
OdBFUurPHjo,https://images.unsplash.com/photo-1541675154750-0444c7d51e8e?crop=entropy&cs=srgb&fm=jpg&ixid=M3wxMjA3fDB8MXxzZWFyY2h8OTB8fG5hdHVyZXxlbnwwfHx8fDE3MjExMjM5NTl8MA&ixlib=rb-4.0.3&q=85,Sebin Thomas,https://unsplash.com/@sebinthomas
TkrRvwxjb_8,https://images.unsplash.com/photo-1490578474895-699cd4e2cf59?crop=entropy&cs=srgb&fm=jpg&ixid=M3wxMjA3fDB8MXxzZWFyY2h8OTF8fG5hdHVyZXxlbnwwfHx8fDE3MjExMjM5NTl8MA&ixlib=rb-4.0.3&q=85,Matheus Ferrero,https://unsplash.com/@matheusferrero
jRp60R7ogNQ,https://images.unsplash.com/photo-1621849400072-f554417f7051?crop=entropy&cs=srgb&fm=jpg&ixid=M3wxMjA3fDB8MXxzZWFyY2h8OTJ8fG5hdHVyZXxlbnwwfHx8fDE3MjExMjM5NTl8MA&ixlib=rb-4.0.3&q=85,Krystal Ng,https://unsplash.com/@bykrystal
2yAk2HCgNUU,https://plus.unsplash.com/premium_photo-1666896191537-d974598695c2?crop=entropy&cs=srgb&fm=jpg&ixid=M3wxMjA3fDB8MXxzZWFyY2h8OTN8fG5hdHVyZXxlbnwwfHx8fDE3MjExMjM5NTl8MA&ixlib=rb-4.0.3&q=85,Ales Krivec,https://unsplash.com/@aleskrivec
yzgF-AQt1sQ,https://images.unsplash.com/photo-1493815793585-d94ccbc86df8?crop=entropy&cs=srgb&fm=jpg&ixid=M3wxMjA3fDB8MXxzZWFyY2h8OTR8fG5hdHVyZXxlbnwwfHx8fDE3MjExMjM5NTl8MA&ixlib=rb-4.0.3&q=85,Aaron Burden,https://unsplash.com/@aaronburden
hOhlYhAiizc,https://images.unsplash.com/photo-1615729947596-a598e5de0ab3?crop=entropy&cs=srgb&fm=jpg&ixid=M3wxMjA3fDB8MXxzZWFyY2h8OTV8fG5hdHVyZXxlbnwwfHx8fDE3MjExMjM5NTl8MA&ixlib=rb-4.0.3&q=85,Daniela Kokina,https://unsplash.com/@danielakokina
qPPWNeFVLFQ,https://images.unsplash.com/photo-1556262298-e85892643712?crop=entropy&cs=srgb&fm=jpg&ixid=M3wxMjA3fDB8MXxzZWFyY2h8OTZ8fG5hdHVyZXxlbnwwfHx8fDE3MjExMjM5NTl8MA&ixlib=rb-4.0.3&q=85,Thom Milkovic,https://unsplash.com/@thommilkovic
pamxpIzXAMA,https://plus.unsplash.com/premium_photo-1677396348812-0a7386943c25?crop=entropy&cs=srgb&fm=jpg&ixid=M3wxMjA3fDB8MXxzZWFyY2h8OTd8fG5hdHVyZXxlbnwwfHx8fDE3MjExMjM5NTl8MA&ixlib=rb-4.0.3&q=85,Ales Krivec,https://unsplash.com/@aleskrivec
p3OzJuT_Dks,https://images.unsplash.com/photo-1461301214746-1e109215d6d3?crop=entropy&cs=srgb&fm=jpg&ixid=M3wxMjA3fDB8MXxzZWFyY2h8OTh8fG5hdHVyZXxlbnwwfHx8fDE3MjExMjM5NTl8MA&ixlib=rb-4.0.3&q=85,Kace  Rodriguez,https://unsplash.com/@kace
wQImoykAwGs,https://images.unsplash.com/photo-1507041957456-9c397ce39c97?crop=entropy&cs=srgb&fm=jpg&ixid=M3wxMjA3fDB8MXxzZWFyY2h8OTl8fG5hdHVyZXxlbnwwfHx8fDE3MjExMjM5NTl8MA&ixlib=rb-4.0.3&q=85,Degleex Ganzorig,https://unsplash.com/@degleex
ZVbv1akA-l4,https://images.unsplash.com/photo-1438786657495-640937046d18?crop=entropy&cs=srgb&fm=jpg&ixid=M3wxMjA3fDB8MXxzZWFyY2h8MTAwfHxuYXR1cmV8ZW58MHx8fHwxNzIxMTIzOTU5fDA&ixlib=rb-4.0.3&q=85,Claudel Rheault,https://unsplash.com/@claudelrheault
